{
  "corpus_source": "stanfordnlp/imdb",
  "corpus_length_chars": 400000,
  "vocab_size": 102,
  "seq_len": 60,
  "rnn_lstm_gru_comparison": {
    "rnn": {
      "final_val_loss": 1.7574080228805542,
      "final_val_perplexity": 5.7973911977905574,
      "n_params": 37158,
      "train_time_s": 349.4
    },
    "lstm": {
      "final_val_loss": 1.6985784769058228,
      "final_val_perplexity": 5.466171577152945,
      "n_params": 99366,
      "train_time_s": 447.79
    },
    "gru": {
      "final_val_loss": 1.7129932641983032,
      "final_val_perplexity": 5.545535913526504,
      "n_params": 78630,
      "train_time_s": 520.32
    }
  },
  "sample_generation_lstm": "I rented I AM CURIOUS-YELLOON ANT.THATIOnnlosh seems to relations care--- they film pretentission and to a Carjes he is hin and is a star of the film is the this. It was simply that. I find that is breaks",
  "bptt_gradient_growth": {
    "T_values": [
      10,
      20,
      40,
      80,
      160,
      320
    ],
    "std_stable": 0.08838834764831843,
    "std_unstable": 1.3,
    "grad_norm_stable": [
      1.1537504196166992,
      0.9110308885574341,
      0.6241511702537537,
      0.4616408050060272,
      0.3369424045085907,
      0.23851129412651062
    ],
    "grad_norm_unstable": [
      "1028.9586181640625",
      "9080163.0",
      "612334628241408.0",
      "inf",
      "inf",
      "inf"
    ]
  },
  "gradient_clipping_example": {
    "T": 40,
    "std_unstable": 1.3,
    "norm_before_clip": 612334628241408.0,
    "norm_after_clip_max1": 1.0
  }
}